1714301315;main.c;Sun Apr 28 12:48:35 2024

1714301751;main.c;Sun Apr 28 12:55:51 2024

1714301808;main.c;Sun Apr 28 12:56:48 2024

1714301814;main.c;Sun Apr 28 12:56:54 2024

1714301832;main.c;Sun Apr 28 12:57:12 2024

1714301845;main.c;Sun Apr 28 12:57:25 2024

1714303286;main.c;Sun Apr 28 13:21:26 2024

1714303312;main.c;Sun Apr 28 13:21:52 2024

1714303335;main.c;Sun Apr 28 13:22:15 2024

1714303372;main.c;Sun Apr 28 13:22:52 2024

1714303462;main.c;Sun Apr 28 13:24:22 2024

1714303638;main.c;Sun Apr 28 13:27:18 2024

1714303780;main.c;Sun Apr 28 13:29:40 2024

1714304116;main.c;Sun Apr 28 13:35:16 2024

1714304266;main.c;Sun Apr 28 13:37:46 2024

1714304302;main.c;Sun Apr 28 13:38:22 2024

1714304324;main.c;Sun Apr 28 13:38:44 2024

1714304541;main.c;Sun Apr 28 13:42:21 2024

1714304576;main.c;Sun Apr 28 13:42:56 2024

1714304782;main.c;Sun Apr 28 13:46:22 2024

1714304835;main.c;Sun Apr 28 13:47:15 2024

1714304957;main.c;Sun Apr 28 13:49:17 2024

1714305024;main.c;Sun Apr 28 13:50:24 2024

1714305055;main.c;Sun Apr 28 13:50:55 2024

1714305068;main.c;Sun Apr 28 13:51:08 2024

1714305178;main.c;Sun Apr 28 13:52:58 2024

1714305209;main.c;Sun Apr 28 13:53:29 2024

1714305280;main.c;Sun Apr 28 13:54:40 2024

