19290;W11STAT-7-208;3.11.4 (tags/v3.11.4:d2340ef, Jun  7 2023, 05:45:37) [MSC v.1934 64 bit (AMD64)];C:\Users\19290\Desktop\std_package\std_package\package\ansic.py;1699348638.9607055;2023-11-07 10:17:17.093120;
user;pc;versione_python;name_program;timestamp;localtime;
19290;W11STAT-7-208;3.11.4 (tags/v3.11.4:d2340ef, Jun  7 2023, 05:45:37) [MSC v.1934 64 bit (AMD64)];C:\Users\19290\Desktop\std_package\std_package\package\ansic.py;1699348659.2987103;2023-11-07 10:17:38.922079;
user;pc;versione_python;name_program;timestamp;localtime;
19290;W11STAT-7-208;3.11.4 (tags/v3.11.4:d2340ef, Jun  7 2023, 05:45:37) [MSC v.1934 64 bit (AMD64)];C:\Users\19290\Desktop\std_package\std_package\package\ansic.py;1699349221.8261344;2023-11-07 10:27:01.417837;
user;pc;versione_python;name_program;timestamp;localtime;
19290;W11STAT-7-208;3.11.4 (tags/v3.11.4:d2340ef, Jun  7 2023, 05:45:37) [MSC v.1934 64 bit (AMD64)];C:\Users\19290\Desktop\std_package\std_package\package\ansic.py;1699349390.547086;2023-11-07 10:29:50.123575;
user;pc;versione_python;name_program;timestamp;localtime;
19290;W11STAT-7-208;3.11.4 (tags/v3.11.4:d2340ef, Jun  7 2023, 05:45:37) [MSC v.1934 64 bit (AMD64)];C:\Users\19290\Desktop\std_package\std_package\package\ansic.py;1699349431.5981598;2023-11-07 10:30:31.206379;
user;pc;versione_python;name_program;timestamp;localtime;
19290;W11STAT-7-208;3.11.4 (tags/v3.11.4:d2340ef, Jun  7 2023, 05:45:37) [MSC v.1934 64 bit (AMD64)];C:\Users\19290\Desktop\std_package\std_package\package\ansic.py;1699349500.8693898;2023-11-07 10:31:40.477099;
user;pc;versione_python;name_program;timestamp;localtime;
19290;W11STAT-7-208;3.11.4 (tags/v3.11.4:d2340ef, Jun  7 2023, 05:45:37) [MSC v.1934 64 bit (AMD64)];C:\Users\19290\Desktop\std_package\std_package\package\ansic.py;1699349708.893537;2023-11-07 10:35:08.501309;
user;pc;versione_python;name_program;timestamp;localtime;
19290;W11STAT-7-208;3.11.4 (tags/v3.11.4:d2340ef, Jun  7 2023, 05:45:37) [MSC v.1934 64 bit (AMD64)];C:\Users\19290\Desktop\std_package\std_package\package\ansic.py;1699349804.9664776;2023-11-07 10:36:44.574196;
user;pc;versione_python;name_program;timestamp;localtime;
19290;W11STAT-7-208;3.11.4 (tags/v3.11.4:d2340ef, Jun  7 2023, 05:45:37) [MSC v.1934 64 bit (AMD64)];C:\Users\19290\Desktop\std_package\std_package\package\ansic.py;1699349838.041412;2023-11-07 10:37:17.649029;
user;pc;versione_python;name_program;timestamp;localtime;
19290;W11STAT-7-208;3.11.4 (tags/v3.11.4:d2340ef, Jun  7 2023, 05:45:37) [MSC v.1934 64 bit (AMD64)];C:\Users\19290\Desktop\std_package\std_package\package\ansic.py;1699349882.2765872;2023-11-07 10:38:01.915493;
user;pc;versione_python;name_program;timestamp;localtime;
19290;W11STAT-7-208;3.11.4 (tags/v3.11.4:d2340ef, Jun  7 2023, 05:45:37) [MSC v.1934 64 bit (AMD64)];C:\Users\19290\Desktop\std_package\std_package\package\ansic.py;1699350042.357072;2023-11-07 10:40:41.980449;
user;pc;versione_python;name_program;timestamp;localtime;
19290;W11STAT-7-208;3.11.4 (tags/v3.11.4:d2340ef, Jun  7 2023, 05:45:37) [MSC v.1934 64 bit (AMD64)];C:\Users\19290\Desktop\std_package\std_package\package\ansic.py;1699350058.1387234;2023-11-07 10:40:57.745866;
user;pc;versione_python;name_program;timestamp;localtime;
19290;W11STAT-7-208;3.11.4 (tags/v3.11.4:d2340ef, Jun  7 2023, 05:45:37) [MSC v.1934 64 bit (AMD64)];C:\Users\19290\Desktop\std_package\std_package\package\ansic.py;1699350098.6105819;2023-11-07 10:41:38.220546;
user;pc;versione_python;name_program;timestamp;localtime;
19290;W11STAT-7-208;3.11.4 (tags/v3.11.4:d2340ef, Jun  7 2023, 05:45:37) [MSC v.1934 64 bit (AMD64)];C:\Users\19290\Desktop\std_package\std_package\package\ansic.py;1699350113.1782165;2023-11-07 10:41:52.817229;
user;pc;versione_python;name_program;timestamp;localtime;
19290;W11STAT-7-208;3.11.4 (tags/v3.11.4:d2340ef, Jun  7 2023, 05:45:37) [MSC v.1934 64 bit (AMD64)];C:\Users\19290\Desktop\std_package\std_package\package\ansic.py;1699350671.432947;2023-11-07 10:51:11.056294;
user;pc;versione_python;name_program;timestamp;localtime;
19290;W11STAT-7-208;3.11.4 (tags/v3.11.4:d2340ef, Jun  7 2023, 05:45:37) [MSC v.1934 64 bit (AMD64)];C:\Users\19290\Desktop\std_package\std_package\package\ansic.py;1699350722.5950584;2023-11-07 10:52:02.202770;
user;pc;versione_python;name_program;timestamp;localtime;
19290;W11STAT-7-208;3.11.4 (tags/v3.11.4:d2340ef, Jun  7 2023, 05:45:37) [MSC v.1934 64 bit (AMD64)];C:\Users\19290\Desktop\std_package\std_package\package\ansic.py;1699350787.0557084;2023-11-07 10:53:06.663394;
user;pc;versione_python;name_program;timestamp;localtime;
19290;W11STAT-7-208;3.11.4 (tags/v3.11.4:d2340ef, Jun  7 2023, 05:45:37) [MSC v.1934 64 bit (AMD64)];C:\Users\19290\Desktop\std_package\std_package\package\ansic.py;1699350886.157789;2023-11-07 10:54:45.765425;
user;pc;versione_python;name_program;timestamp;localtime;
19290;W11STAT-7-208;3.11.4 (tags/v3.11.4:d2340ef, Jun  7 2023, 05:45:37) [MSC v.1934 64 bit (AMD64)];C:\Users\19290\Desktop\std_package\std_package\package\ansic.py;1699350929.497802;2023-11-07 10:55:29.107602;
user;pc;versione_python;name_program;timestamp;localtime;
19290;W11STAT-7-208;3.11.4 (tags/v3.11.4:d2340ef, Jun  7 2023, 05:45:37) [MSC v.1934 64 bit (AMD64)];C:\Users\19290\Desktop\std_package\std_package\package\ansic.py;1699350949.4244936;2023-11-07 10:55:49.047401;
user;pc;versione_python;name_program;timestamp;localtime;
19290;W11STAT-7-208;3.11.4 (tags/v3.11.4:d2340ef, Jun  7 2023, 05:45:37) [MSC v.1934 64 bit (AMD64)];C:\Users\19290\Desktop\std_package\std_package\package\ansic.py;1699351078.0636766;2023-11-07 10:57:57.671372;
user;pc;versione_python;name_program;timestamp;localtime;
19290;W11STAT-7-208;3.11.4 (tags/v3.11.4:d2340ef, Jun  7 2023, 05:45:37) [MSC v.1934 64 bit (AMD64)];C:\Users\19290\Desktop\std_package\std_package\package\ansic.py;1699351093.1172628;2023-11-07 10:58:12.736966;
user;pc;versione_python;name_program;timestamp;localtime;
19290;W11STAT-7-208;3.11.4 (tags/v3.11.4:d2340ef, Jun  7 2023, 05:45:37) [MSC v.1934 64 bit (AMD64)];C:\Users\19290\Desktop\std_package\std_package\package\ansic.py;1699351271.4529426;2023-11-07 11:01:11.061509;
user;pc;versione_python;name_program;timestamp;localtime;
19290;W11STAT-7-208;3.11.4 (tags/v3.11.4:d2340ef, Jun  7 2023, 05:45:37) [MSC v.1934 64 bit (AMD64)];C:\Users\19290\Desktop\std_package\std_package\package\ansic.py;1699351309.2438097;2023-11-07 11:01:48.851984;
user;pc;versione_python;name_program;timestamp;localtime;
19290;W11STAT-7-208;3.11.4 (tags/v3.11.4:d2340ef, Jun  7 2023, 05:45:37) [MSC v.1934 64 bit (AMD64)];C:\Users\19290\Desktop\std_package\std_package\package\ansic.py;1699351460.4218087;2023-11-07 11:04:20.013895;
user;pc;versione_python;name_program;timestamp;localtime;
19290;W11STAT-7-208;3.11.4 (tags/v3.11.4:d2340ef, Jun  7 2023, 05:45:37) [MSC v.1934 64 bit (AMD64)];C:\Users\19290\Desktop\std_package\std_package\package\ansic.py;1699351502.5591605;2023-11-07 11:05:02.166837;
user;pc;versione_python;name_program;timestamp;localtime;
19290;W11STAT-7-208;3.11.4 (tags/v3.11.4:d2340ef, Jun  7 2023, 05:45:37) [MSC v.1934 64 bit (AMD64)];C:\Users\19290\Desktop\std_package\std_package\package\ansic.py;1699351589.4914918;2023-11-07 11:06:29.099151;
user;pc;versione_python;name_program;timestamp;localtime;
19290;W11STAT-7-208;3.11.4 (tags/v3.11.4:d2340ef, Jun  7 2023, 05:45:37) [MSC v.1934 64 bit (AMD64)];C:\Users\19290\Desktop\std_package\std_package\package\ansic.py;1699351672.0824697;2023-11-07 11:07:51.705737;
user;pc;versione_python;name_program;timestamp;localtime;
19290;W11STAT-7-208;3.11.4 (tags/v3.11.4:d2340ef, Jun  7 2023, 05:45:37) [MSC v.1934 64 bit (AMD64)];C:\Users\19290\Desktop\std_package\std_package\package\ansic.py;1699351728.3940144;2023-11-07 11:08:48.001767;
user;pc;versione_python;name_program;timestamp;localtime;
19290;W11STAT-7-208;3.11.4 (tags/v3.11.4:d2340ef, Jun  7 2023, 05:45:37) [MSC v.1934 64 bit (AMD64)];C:\Users\19290\Desktop\std_package\std_package\package\ansic.py;1699351754.1874325;2023-11-07 11:09:13.795204;
user;pc;versione_python;name_program;timestamp;localtime;
19290;W11STAT-7-208;3.11.4 (tags/v3.11.4:d2340ef, Jun  7 2023, 05:45:37) [MSC v.1934 64 bit (AMD64)];C:\Users\19290\Desktop\std_package\std_package\package\ansic.py;1699351771.8044672;2023-11-07 11:09:31.427861;
user;pc;versione_python;name_program;timestamp;localtime;
19290;W11STAT-7-208;3.11.4 (tags/v3.11.4:d2340ef, Jun  7 2023, 05:45:37) [MSC v.1934 64 bit (AMD64)];C:\Users\19290\Desktop\std_package\std_package\package\ansic.py;1699351803.795718;2023-11-07 11:10:03.414901;
user;pc;versione_python;name_program;timestamp;localtime;
19290;W11STAT-7-208;3.11.4 (tags/v3.11.4:d2340ef, Jun  7 2023, 05:45:37) [MSC v.1934 64 bit (AMD64)];C:\Users\19290\Desktop\std_package\std_package\package\ansic.py;1699351914.938126;2023-11-07 11:11:54.545812;
user;pc;versione_python;name_program;timestamp;localtime;
19290;W11STAT-7-208;3.11.4 (tags/v3.11.4:d2340ef, Jun  7 2023, 05:45:37) [MSC v.1934 64 bit (AMD64)];C:\Users\19290\Desktop\bastianello_federico_xml_commit\xml_commit\package\ansic.py;1699354908.6798003;2023-11-07 12:01:48.271948;
user;pc;versione_python;name_program;timestamp;localtime;
19290;W11STAT-7-208;3.11.4 (tags/v3.11.4:d2340ef, Jun  7 2023, 05:45:37) [MSC v.1934 64 bit (AMD64)];C:\Users\19290\Desktop\bastianello_federico_xml_commit\xml_commit\package\ansic.py;1699355038.6911612;2023-11-07 12:03:58.282842;
user;pc;versione_python;name_program;timestamp;localtime;
19290;W11STAT-7-208;3.11.4 (tags/v3.11.4:d2340ef, Jun  7 2023, 05:45:37) [MSC v.1934 64 bit (AMD64)];C:\Users\19290\Desktop\bastianello_federico_xml_commit\xml_commit\package\ansic.py;1699355084.245761;2023-11-07 12:04:43.845875;
user;pc;versione_python;name_program;timestamp;localtime;
19290;W11STAT-7-208;3.11.4 (tags/v3.11.4:d2340ef, Jun  7 2023, 05:45:37) [MSC v.1934 64 bit (AMD64)];C:\Users\19290\Desktop\bastianello_federico_xml_commit\xml_commit\package\ansic.py;1699355627.9780903;2023-11-07 12:13:47.617482;
user;pc;versione_python;name_program;timestamp;localtime;
19290;W11STAT-7-208;3.11.4 (tags/v3.11.4:d2340ef, Jun  7 2023, 05:45:37) [MSC v.1934 64 bit (AMD64)];C:\Users\19290\Desktop\bastianello_federico_xml_commit\xml_commit\package\ansic.py;1699355661.7064314;2023-11-07 12:14:21.345369;
user;pc;versione_python;name_program;timestamp;localtime;
19290;W11STAT-7-208;3.11.4 (tags/v3.11.4:d2340ef, Jun  7 2023, 05:45:37) [MSC v.1934 64 bit (AMD64)];C:\Users\19290\Desktop\bastianello_federico_xml_commit\xml_commit\package\ansic.py;1699355698.3680305;2023-11-07 12:14:58.006946;
user;pc;versione_python;name_program;timestamp;localtime;
19290;W11STAT-7-208;3.11.4 (tags/v3.11.4:d2340ef, Jun  7 2023, 05:45:37) [MSC v.1934 64 bit (AMD64)];C:\Users\19290\Desktop\bastianello_federico_xml_commit\xml_commit\package\ansic.py;1699355884.8015199;2023-11-07 12:18:04.425208;
user;pc;versione_python;name_program;timestamp;localtime;
19290;W11STAT-7-208;3.11.4 (tags/v3.11.4:d2340ef, Jun  7 2023, 05:45:37) [MSC v.1934 64 bit (AMD64)];C:\Users\19290\Desktop\bastianello_federico_xml_commit\xml_commit\package\ansic.py;1699355888.9432101;2023-11-07 12:18:08.566497;
user;pc;versione_python;name_program;timestamp;localtime;
19290;W11STAT-7-208;3.11.4 (tags/v3.11.4:d2340ef, Jun  7 2023, 05:45:37) [MSC v.1934 64 bit (AMD64)];C:\Users\19290\Desktop\bastianello_federico_xml_commit\xml_commit\package\ansic.py;1699355914.2735379;2023-11-07 12:18:33.913400;
user;pc;versione_python;name_program;timestamp;localtime;
19290;W11STAT-7-208;3.11.4 (tags/v3.11.4:d2340ef, Jun  7 2023, 05:45:37) [MSC v.1934 64 bit (AMD64)];C:\Users\19290\Desktop\bastianello_federico_xml_commit\xml_commit\package\ansic.py;1699355918.3688352;2023-11-07 12:18:38.008195;
user;pc;versione_python;name_program;timestamp;localtime;
19290;W11STAT-7-208;3.11.4 (tags/v3.11.4:d2340ef, Jun  7 2023, 05:45:37) [MSC v.1934 64 bit (AMD64)];C:\Users\19290\Desktop\bastianello_federico_xml_commit\xml_commit\package\ansic.py;1699356131.6073937;2023-11-07 12:22:11.241108;
user;pc;versione_python;name_program;timestamp;localtime;
19290;W11STAT-7-208;3.11.4 (tags/v3.11.4:d2340ef, Jun  7 2023, 05:45:37) [MSC v.1934 64 bit (AMD64)];C:\Users\19290\Desktop\bastianello_federico_xml_commit\xml_commit\package\ansic.py;1699356136.3268287;2023-11-07 12:22:15.953818;
user;pc;versione_python;name_program;timestamp;localtime;
19290;W11STAT-7-208;3.11.4 (tags/v3.11.4:d2340ef, Jun  7 2023, 05:45:37) [MSC v.1934 64 bit (AMD64)];C:\Users\19290\Desktop\bastianello_federico_xml_commit\xml_commit\package\ansic.py;1699356315.7105217;2023-11-07 12:25:15.349906;
user;pc;versione_python;name_program;timestamp;localtime;
19290;W11STAT-7-208;3.11.4 (tags/v3.11.4:d2340ef, Jun  7 2023, 05:45:37) [MSC v.1934 64 bit (AMD64)];C:\Users\19290\Desktop\bastianello_federico_xml_commit\xml_commit\package\ansic.py;1699356347.5618644;2023-11-07 12:25:47.201175;
user;pc;versione_python;name_program;timestamp;localtime;
19290;W11STAT-7-208;3.11.4 (tags/v3.11.4:d2340ef, Jun  7 2023, 05:45:37) [MSC v.1934 64 bit (AMD64)];C:\Users\19290\Desktop\bastianello_federico_xml_commit\xml_commit\package\ansic.py;1699356354.2743342;2023-11-07 12:25:53.915203;
user;pc;versione_python;name_program;timestamp;localtime;
19290;W11STAT-7-208;3.11.4 (tags/v3.11.4:d2340ef, Jun  7 2023, 05:45:37) [MSC v.1934 64 bit (AMD64)];C:\Users\19290\Desktop\bastianello_federico_xml_commit\xml_commit\package\ansic.py;1699356509.9635308;2023-11-07 12:28:29.602460;
user;pc;versione_python;name_program;timestamp;localtime;
19290;W11STAT-7-208;3.11.4 (tags/v3.11.4:d2340ef, Jun  7 2023, 05:45:37) [MSC v.1934 64 bit (AMD64)];C:\Users\19290\Desktop\bastianello_federico_xml_commit\xml_commit\package\ansic.py;1699356770.5574474;2023-11-07 12:32:50.196820;
user;pc;versione_python;name_program;timestamp;localtime;
19290;W11STAT-7-208;3.11.4 (tags/v3.11.4:d2340ef, Jun  7 2023, 05:45:37) [MSC v.1934 64 bit (AMD64)];C:\Users\19290\Desktop\bastianello_federico_xml_commit\xml_commit\package\ansic.py;1699356798.9403884;2023-11-07 12:33:18.579336;
user;pc;versione_python;name_program;timestamp;localtime;
19290;W11STAT-7-208;3.11.4 (tags/v3.11.4:d2340ef, Jun  7 2023, 05:45:37) [MSC v.1934 64 bit (AMD64)];C:\Users\19290\Desktop\bastianello_federico_xml_commit\xml_commit\package\ansic.py;1699356902.2655158;2023-11-07 12:35:01.903953;
user;pc;versione_python;name_program;timestamp;localtime;
19290;W11STAT-7-208;3.11.4 (tags/v3.11.4:d2340ef, Jun  7 2023, 05:45:37) [MSC v.1934 64 bit (AMD64)];C:\Users\19290\Desktop\bastianello_federico_xml_commit\xml_commit\package\ansic.py;1699356909.4778943;2023-11-07 12:35:09.116844;
user;pc;versione_python;name_program;timestamp;localtime;
19290;W11STAT-7-208;3.11.4 (tags/v3.11.4:d2340ef, Jun  7 2023, 05:45:37) [MSC v.1934 64 bit (AMD64)];C:\Users\19290\Desktop\bastianello_federico_xml_commit\xml_commit\package\ansic.py;1699356955.3356397;2023-11-07 12:35:54.959445;
user;pc;versione_python;name_program;timestamp;localtime;
19290;W11STAT-7-208;3.11.4 (tags/v3.11.4:d2340ef, Jun  7 2023, 05:45:37) [MSC v.1934 64 bit (AMD64)];C:\Users\19290\Desktop\bastianello_federico_xml_commit\xml_commit\package\ansic.py;1699356980.8416553;2023-11-07 12:36:20.472947;
user;pc;versione_python;name_program;timestamp;localtime;
19290;W11STAT-7-208;3.11.4 (tags/v3.11.4:d2340ef, Jun  7 2023, 05:45:37) [MSC v.1934 64 bit (AMD64)];C:\Users\19290\Desktop\bastianello_federico_xml_commit\xml_commit\package\ansic.py;1699357047.8648412;2023-11-07 12:37:27.488148;
user;pc;versione_python;name_program;timestamp;localtime;
19290;W11STAT-7-208;3.11.4 (tags/v3.11.4:d2340ef, Jun  7 2023, 05:45:37) [MSC v.1934 64 bit (AMD64)];C:\Users\19290\Desktop\bastianello_federico_xml_commit\xml_commit\package\ansic.py;1699357084.9894726;2023-11-07 12:38:04.612736;
user;pc;versione_python;name_program;timestamp;localtime;
19290;W11STAT-7-208;3.11.4 (tags/v3.11.4:d2340ef, Jun  7 2023, 05:45:37) [MSC v.1934 64 bit (AMD64)];C:\Users\19290\Desktop\bastianello_federico_xml_commit\xml_commit\package\ansic.py;1699357184.9797852;2023-11-07 12:39:44.602717;
user;pc;versione_python;name_program;timestamp;localtime;
19290;W11STAT-7-208;3.11.4 (tags/v3.11.4:d2340ef, Jun  7 2023, 05:45:37) [MSC v.1934 64 bit (AMD64)];C:\Users\19290\Desktop\bastianello_federico_xml_commit\xml_commit\package\ansic.py;1699357204.3809295;2023-11-07 12:40:04.035919;
user;pc;versione_python;name_program;timestamp;localtime;
19290;W11STAT-7-208;3.11.4 (tags/v3.11.4:d2340ef, Jun  7 2023, 05:45:37) [MSC v.1934 64 bit (AMD64)];C:\Users\19290\Desktop\bastianello_federico_xml_commit\xml_commit\package\ansic.py;1699357276.9343317;2023-11-07 12:41:16.573628;
user;pc;versione_python;name_program;timestamp;localtime;
19290;W11STAT-7-208;3.11.4 (tags/v3.11.4:d2340ef, Jun  7 2023, 05:45:37) [MSC v.1934 64 bit (AMD64)];C:\Users\19290\Desktop\bastianello_federico_xml_commit\xml_commit\package\ansic.py;1699357350.7614856;2023-11-07 12:42:30.385291;
user;pc;versione_python;name_program;timestamp;localtime;
19290;W11STAT-7-208;3.11.4 (tags/v3.11.4:d2340ef, Jun  7 2023, 05:45:37) [MSC v.1934 64 bit (AMD64)];C:\Users\19290\Desktop\bastianello_federico_xml_commit\xml_commit\package\ansic.py;1699357355.260462;2023-11-07 12:42:34.899380;
user;pc;versione_python;name_program;timestamp;localtime;
19290;W11STAT-7-208;3.11.4 (tags/v3.11.4:d2340ef, Jun  7 2023, 05:45:37) [MSC v.1934 64 bit (AMD64)];C:\Users\19290\Desktop\bastianello_federico_xml_commit\usbdview\package\ansic.py;1699880774.1190698;2023-11-13 14:06:12.412073;
user;pc;versione_python;name_program;timestamp;localtime;
19290;W11STAT-7-208;3.11.4 (tags/v3.11.4:d2340ef, Jun  7 2023, 05:45:37) [MSC v.1934 64 bit (AMD64)];C:\Users\19290\Desktop\bastianello_federico_xml_commit\usbdview\package\ansic.py;1699880788.5922549;2023-11-13 14:06:28.173786;
user;pc;versione_python;name_program;timestamp;localtime;
19290;W11STAT-7-208;3.11.4 (tags/v3.11.4:d2340ef, Jun  7 2023, 05:45:37) [MSC v.1934 64 bit (AMD64)];C:\Users\19290\Desktop\bastianello_federico_xml_commit\usbdview\package\ansic.py;1699880818.189272;2023-11-13 14:06:57.821025;
user;pc;versione_python;name_program;timestamp;localtime;
19290;W11STAT-7-208;3.11.4 (tags/v3.11.4:d2340ef, Jun  7 2023, 05:45:37) [MSC v.1934 64 bit (AMD64)];C:\Users\19290\Desktop\bastianello_federico_xml_commit\usbdview\package\ansic.py;1699880852.4057443;2023-11-13 14:07:31.966229;
user;pc;versione_python;name_program;timestamp;localtime;
19290;W11STAT-7-208;3.11.4 (tags/v3.11.4:d2340ef, Jun  7 2023, 05:45:37) [MSC v.1934 64 bit (AMD64)];C:\Users\19290\Desktop\bastianello_federico_xml_commit\usbdview\package\ansic.py;1699880856.874927;2023-11-13 14:07:36.524544;
user;pc;versione_python;name_program;timestamp;localtime;
19290;W11STAT-7-208;3.11.4 (tags/v3.11.4:d2340ef, Jun  7 2023, 05:45:37) [MSC v.1934 64 bit (AMD64)];C:\Users\19290\Desktop\bastianello_federico_xml_commit\usbdview\package\ansic.py;1699881119.37246;2023-11-13 14:11:58.978598;
user;pc;versione_python;name_program;timestamp;localtime;
19290;W11STAT-7-208;3.11.4 (tags/v3.11.4:d2340ef, Jun  7 2023, 05:45:37) [MSC v.1934 64 bit (AMD64)];C:\Users\19290\Desktop\bastianello_federico_xml_commit\usbdview\package\ansic.py;1699881426.0778122;2023-11-13 14:17:05.689467;
user;pc;versione_python;name_program;timestamp;localtime;
19290;W11STAT-7-208;3.11.4 (tags/v3.11.4:d2340ef, Jun  7 2023, 05:45:37) [MSC v.1934 64 bit (AMD64)];C:\Users\19290\Desktop\bastianello_federico_xml_commit\usbdview\package\ansic.py;1699881495.6872468;2023-11-13 14:18:15.291362;
user;pc;versione_python;name_program;timestamp;localtime;
19290;W11STAT-7-208;3.11.4 (tags/v3.11.4:d2340ef, Jun  7 2023, 05:45:37) [MSC v.1934 64 bit (AMD64)];C:\Users\19290\Desktop\bastianello_federico_xml_commit\usbdview\package\ansic.py;1699881572.1334567;2023-11-13 14:19:31.756775;
user;pc;versione_python;name_program;timestamp;localtime;
19290;W11STAT-7-208;3.11.4 (tags/v3.11.4:d2340ef, Jun  7 2023, 05:45:37) [MSC v.1934 64 bit (AMD64)];C:\Users\19290\Desktop\bastianello_federico_xml_commit\usbdview\package\ansic.py;1699881787.575199;2023-11-13 14:23:07.192379;
user;pc;versione_python;name_program;timestamp;localtime;
19290;W11STAT-7-208;3.11.4 (tags/v3.11.4:d2340ef, Jun  7 2023, 05:45:37) [MSC v.1934 64 bit (AMD64)];C:\Users\19290\Desktop\bastianello_federico_xml_commit\usbdview\package\ansic.py;1699881836.7421637;2023-11-13 14:23:56.365442;
user;pc;versione_python;name_program;timestamp;localtime;
19290;W11STAT-7-208;3.11.4 (tags/v3.11.4:d2340ef, Jun  7 2023, 05:45:37) [MSC v.1934 64 bit (AMD64)];C:\Users\19290\Desktop\bastianello_federico_xml_commit\usbdview\package\ansic.py;1699881850.1948407;2023-11-13 14:24:09.824672;
user;pc;versione_python;name_program;timestamp;localtime;
19290;W11STAT-7-208;3.11.4 (tags/v3.11.4:d2340ef, Jun  7 2023, 05:45:37) [MSC v.1934 64 bit (AMD64)];C:\Users\19290\Desktop\bastianello_federico_xml_commit\usbdview\package\ansic.py;1699881889.6514173;2023-11-13 14:24:49.220379;
user;pc;versione_python;name_program;timestamp;localtime;
fbast;LAPTOP-C9JC0TN4;3.11.0 (main, Oct 24 2022, 18:26:48) [MSC v.1933 64 bit (AMD64)];C:\Users\fbast\Desktop\bastianello_federico_usbdview\usbdview\bin\ansic.py;1700067277.8382673;2023-11-15 17:54:36.784176;
user;pc;versione_python;name_program;timestamp;localtime;
fbast;LAPTOP-C9JC0TN4;3.11.0 (main, Oct 24 2022, 18:26:48) [MSC v.1933 64 bit (AMD64)];C:\Users\fbast\Desktop\bastianello_federico_usbdview\usbdview\bin\ansic.py;1700067326.9037712;2023-11-15 17:55:26.288001;
user;pc;versione_python;name_program;timestamp;localtime;
fbast;LAPTOP-C9JC0TN4;3.11.0 (main, Oct 24 2022, 18:26:48) [MSC v.1933 64 bit (AMD64)];C:\Users\fbast\Desktop\bastianello_federico_usbdview\usbdview\bin\ansic.py;1700067559.2279012;2023-11-15 17:59:18.595986;
user;pc;versione_python;name_program;timestamp;localtime;
fbast;LAPTOP-C9JC0TN4;3.11.0 (main, Oct 24 2022, 18:26:48) [MSC v.1933 64 bit (AMD64)];C:\Users\fbast\Desktop\bastianello_federico_usbdview\usbdview\bin\ansic.py;1700067601.9560914;2023-11-15 18:00:01.324453;
user;pc;versione_python;name_program;timestamp;localtime;
fbast;LAPTOP-C9JC0TN4;3.11.0 (main, Oct 24 2022, 18:26:48) [MSC v.1933 64 bit (AMD64)];C:\Users\fbast\Desktop\bastianello_federico_usbdview\usbdview\bin\ansic.py;1700067920.1307778;2023-11-15 18:05:19.505927;
user;pc;versione_python;name_program;timestamp;localtime;
fbast;LAPTOP-C9JC0TN4;3.11.0 (main, Oct 24 2022, 18:26:48) [MSC v.1933 64 bit (AMD64)];C:\Users\fbast\Desktop\bastianello_federico_usbdview\usbdview\bin\ansic.py;1700304026.4018972;2023-11-18 11:40:10.223320;
user;pc;versione_python;name_program;timestamp;localtime;
fbast;LAPTOP-C9JC0TN4;3.11.0 (main, Oct 24 2022, 18:26:48) [MSC v.1933 64 bit (AMD64)];C:\Users\fbast\Desktop\bastianello_federico_usbdview\usbdview\bin\ansic.py;1700378406.0223377;2023-11-19 08:19:57.299987;
user;pc;versione_python;name_program;timestamp;localtime;
fbast;LAPTOP-C9JC0TN4;3.11.0 (main, Oct 24 2022, 18:26:48) [MSC v.1933 64 bit (AMD64)];C:\Users\fbast\Desktop\bastianello_federico_usbdview\usbdview\bin\ansic.py;1700378419.5246549;2023-11-19 08:20:18.421003;
user;pc;versione_python;name_program;timestamp;localtime;
fbast;LAPTOP-C9JC0TN4;3.11.0 (main, Oct 24 2022, 18:26:48) [MSC v.1933 64 bit (AMD64)];C:\Users\fbast\Desktop\bastianello_federico_usbdview\usbdview\bin\ansic.py;1700379027.4518502;2023-11-19 08:30:26.387528;
user;pc;versione_python;name_program;timestamp;localtime;
fbast;LAPTOP-C9JC0TN4;3.11.0 (main, Oct 24 2022, 18:26:48) [MSC v.1933 64 bit (AMD64)];C:\Users\fbast\Desktop\bastianello_federico_usbdview\usbdview\bin\ansic.py;1700379159.9462523;2023-11-19 08:32:38.862154;
user;pc;versione_python;name_program;timestamp;localtime;
fbast;LAPTOP-C9JC0TN4;3.11.0 (main, Oct 24 2022, 18:26:48) [MSC v.1933 64 bit (AMD64)];C:\Users\fbast\Desktop\bastianello_federico_usbdview\usbdview\bin\ansic.py;1700379516.5223255;2023-11-19 08:38:35.450526;
user;pc;versione_python;name_program;timestamp;localtime;
fbast;LAPTOP-C9JC0TN4;3.11.0 (main, Oct 24 2022, 18:26:48) [MSC v.1933 64 bit (AMD64)];C:\Users\fbast\Desktop\bastianello_federico_usbdview\usbdview\bin\ansic.py;1700379533.8835173;2023-11-19 08:38:52.819285;
user;pc;versione_python;name_program;timestamp;localtime;
fbast;LAPTOP-C9JC0TN4;3.11.0 (main, Oct 24 2022, 18:26:48) [MSC v.1933 64 bit (AMD64)];C:\Users\fbast\Desktop\bastianello_federico_usbdview\usbdview\bin\ansic.py;1700379591.963318;2023-11-19 08:39:50.883379;
user;pc;versione_python;name_program;timestamp;localtime;
fbast;LAPTOP-C9JC0TN4;3.11.0 (main, Oct 24 2022, 18:26:48) [MSC v.1933 64 bit (AMD64)];C:\Users\fbast\Desktop\bastianello_federico_usbdview\usbdview\bin\ansic.py;1700379643.7743883;2023-11-19 08:40:42.717689;
user;pc;versione_python;name_program;timestamp;localtime;
fbast;LAPTOP-C9JC0TN4;3.11.0 (main, Oct 24 2022, 18:26:48) [MSC v.1933 64 bit (AMD64)];C:\Users\fbast\Desktop\bastianello_federico_usbdview\usbdview\bin\ansic.py;1700379728.6576824;2023-11-19 08:42:07.584589;
user;pc;versione_python;name_program;timestamp;localtime;
fbast;LAPTOP-C9JC0TN4;3.11.0 (main, Oct 24 2022, 18:26:48) [MSC v.1933 64 bit (AMD64)];C:\Users\fbast\Desktop\bastianello_federico_usbdview\usbdview\bin\ansic.py;1700379788.1878164;2023-11-19 08:43:07.107654;
user;pc;versione_python;name_program;timestamp;localtime;
fbast;LAPTOP-C9JC0TN4;3.11.0 (main, Oct 24 2022, 18:26:48) [MSC v.1933 64 bit (AMD64)];C:\Users\fbast\Desktop\bastianello_federico_usbdview\usbdview\bin\ansic.py;1700379813.1225097;2023-11-19 08:43:32.072822;
user;pc;versione_python;name_program;timestamp;localtime;
fbast;LAPTOP-C9JC0TN4;3.11.0 (main, Oct 24 2022, 18:26:48) [MSC v.1933 64 bit (AMD64)];C:\Users\fbast\Desktop\bastianello_federico_usbdview\usbdview\bin\ansic.py;1700379824.8108177;2023-11-19 08:43:43.750527;
user;pc;versione_python;name_program;timestamp;localtime;
fbast;LAPTOP-C9JC0TN4;3.11.0 (main, Oct 24 2022, 18:26:48) [MSC v.1933 64 bit (AMD64)];C:\Users\fbast\Desktop\bastianello_federico_usbdview\usbdview\bin\ansic.py;1700379939.5710728;2023-11-19 08:45:38.502746;
user;pc;versione_python;name_program;timestamp;localtime;
fbast;LAPTOP-C9JC0TN4;3.11.0 (main, Oct 24 2022, 18:26:48) [MSC v.1933 64 bit (AMD64)];C:\Users\fbast\Desktop\bastianello_federico_usbdview\usbdview\bin\ansic.py;1700380063.3454206;2023-11-19 08:47:42.290675;
user;pc;versione_python;name_program;timestamp;localtime;
fbast;LAPTOP-C9JC0TN4;3.11.0 (main, Oct 24 2022, 18:26:48) [MSC v.1933 64 bit (AMD64)];C:\Users\fbast\Desktop\bastianello_federico_usbdview\usbdview\bin\ansic.py;1700380209.226813;2023-11-19 08:50:08.123646;
user;pc;versione_python;name_program;timestamp;localtime;
fbast;LAPTOP-C9JC0TN4;3.11.0 (main, Oct 24 2022, 18:26:48) [MSC v.1933 64 bit (AMD64)];C:\Users\fbast\Desktop\bastianello_federico_usbdview\usbdview\bin\ansic.py;1700380249.8528554;2023-11-19 08:50:48.759692;
user;pc;versione_python;name_program;timestamp;localtime;
fbast;LAPTOP-C9JC0TN4;3.11.0 (main, Oct 24 2022, 18:26:48) [MSC v.1933 64 bit (AMD64)];C:\Users\fbast\Desktop\bastianello_federico_usbdview\usbdview\bin\ansic.py;1700380287.702766;2023-11-19 08:51:26.621853;
user;pc;versione_python;name_program;timestamp;localtime;
fbast;LAPTOP-C9JC0TN4;3.11.0 (main, Oct 24 2022, 18:26:48) [MSC v.1933 64 bit (AMD64)];C:\Users\fbast\Desktop\bastianello_federico_usbdview\usbdview\bin\ansic.py;1700380363.0819542;2023-11-19 08:52:42.031802;
user;pc;versione_python;name_program;timestamp;localtime;
fbast;LAPTOP-C9JC0TN4;3.11.0 (main, Oct 24 2022, 18:26:48) [MSC v.1933 64 bit (AMD64)];C:\Users\fbast\Desktop\bastianello_federico_usbdview\usbdview\bin\ansic.py;1700380504.096046;2023-11-19 08:55:03.008916;
user;pc;versione_python;name_program;timestamp;localtime;
fbast;LAPTOP-C9JC0TN4;3.11.0 (main, Oct 24 2022, 18:26:48) [MSC v.1933 64 bit (AMD64)];C:\Users\fbast\Desktop\bastianello_federico_usbdview\usbdview\bin\ansic.py;1700380618.3454955;2023-11-19 08:56:57.247299;
user;pc;versione_python;name_program;timestamp;localtime;
fbast;LAPTOP-C9JC0TN4;3.11.0 (main, Oct 24 2022, 18:26:48) [MSC v.1933 64 bit (AMD64)];C:\Users\fbast\Desktop\bastianello_federico_usbdview\usbdview\bin\ansic.py;1700380885.7063444;2023-11-19 09:01:24.615006;
user;pc;versione_python;name_program;timestamp;localtime;
fbast;LAPTOP-C9JC0TN4;3.11.0 (main, Oct 24 2022, 18:26:48) [MSC v.1933 64 bit (AMD64)];C:\Users\fbast\Desktop\bastianello_federico_usbdview\usbdview\bin\ansic.py;1700381248.830945;2023-11-19 09:07:27.706808;
user;pc;versione_python;name_program;timestamp;localtime;
fbast;LAPTOP-C9JC0TN4;3.11.0 (main, Oct 24 2022, 18:26:48) [MSC v.1933 64 bit (AMD64)];C:\Users\fbast\Desktop\bastianello_federico_usbdview\usbdview\bin\ansic.py;1700381305.8849843;2023-11-19 09:08:24.798017;
user;pc;versione_python;name_program;timestamp;localtime;
fbast;LAPTOP-C9JC0TN4;3.11.0 (main, Oct 24 2022, 18:26:48) [MSC v.1933 64 bit (AMD64)];C:\Users\fbast\Desktop\bastianello_federico_usbdview\usbdview\bin\ansic.py;1700381309.4262354;2023-11-19 09:08:28.368980;
user;pc;versione_python;name_program;timestamp;localtime;
fbast;LAPTOP-C9JC0TN4;3.11.0 (main, Oct 24 2022, 18:26:48) [MSC v.1933 64 bit (AMD64)];C:\Users\fbast\Desktop\bastianello_federico_usbdview\usbdview\bin\ansic.py;1700381352.0251584;2023-11-19 09:09:10.934423;
user;pc;versione_python;name_program;timestamp;localtime;
fbast;LAPTOP-C9JC0TN4;3.11.0 (main, Oct 24 2022, 18:26:48) [MSC v.1933 64 bit (AMD64)];C:\Users\fbast\Desktop\bastianello_federico_usbdview\usbdview\bin\ansic.py;1700381356.1582527;2023-11-19 09:09:14.995810;
user;pc;versione_python;name_program;timestamp;localtime;
fbast;LAPTOP-C9JC0TN4;3.11.0 (main, Oct 24 2022, 18:26:48) [MSC v.1933 64 bit (AMD64)];C:\Users\fbast\Desktop\bastianello_federico_usbdview\usbdview\bin\ansic.py;1700381452.97349;2023-11-19 09:10:51.901560;
user;pc;versione_python;name_program;timestamp;localtime;
fbast;LAPTOP-C9JC0TN4;3.11.0 (main, Oct 24 2022, 18:26:48) [MSC v.1933 64 bit (AMD64)];C:\Users\fbast\Desktop\bastianello_federico_usbdview\usbdview\bin\ansic.py;1700381457.6030917;2023-11-19 09:10:56.543211;
user;pc;versione_python;name_program;timestamp;localtime;
fbast;LAPTOP-C9JC0TN4;3.11.0 (main, Oct 24 2022, 18:26:48) [MSC v.1933 64 bit (AMD64)];C:\Users\fbast\Desktop\bastianello_federico_usbdview\usbdview\bin\ansic.py;1700381531.0355167;2023-11-19 09:12:09.862604;
user;pc;versione_python;name_program;timestamp;localtime;
fbast;LAPTOP-C9JC0TN4;3.11.0 (main, Oct 24 2022, 18:26:48) [MSC v.1933 64 bit (AMD64)];C:\Users\fbast\Desktop\bastianello_federico_usbdview\usbdview\bin\ansic.py;1700381535.7009351;2023-11-19 09:12:14.604583;
user;pc;versione_python;name_program;timestamp;localtime;
fbast;LAPTOP-C9JC0TN4;3.11.0 (main, Oct 24 2022, 18:26:48) [MSC v.1933 64 bit (AMD64)];C:\Users\fbast\Desktop\bastianello_federico_usbdview\usbdview\bin\ansic.py;1700381553.6859484;2023-11-19 09:12:32.539590;
user;pc;versione_python;name_program;timestamp;localtime;
fbast;LAPTOP-C9JC0TN4;3.11.0 (main, Oct 24 2022, 18:26:48) [MSC v.1933 64 bit (AMD64)];C:\Users\fbast\Desktop\bastianello_federico_usbdview\usbdview\bin\ansic.py;1700381558.4887347;2023-11-19 09:12:37.393409;
user;pc;versione_python;name_program;timestamp;localtime;
fbast;LAPTOP-C9JC0TN4;3.11.0 (main, Oct 24 2022, 18:26:48) [MSC v.1933 64 bit (AMD64)];C:\Users\fbast\Desktop\bastianello_federico_usbdview\usbdview\bin\ansic.py;1700381565.3020768;2023-11-19 09:12:44.246643;
user;pc;versione_python;name_program;timestamp;localtime;
fbast;LAPTOP-C9JC0TN4;3.11.0 (main, Oct 24 2022, 18:26:48) [MSC v.1933 64 bit (AMD64)];C:\Users\fbast\Desktop\bastianello_federico_usbdview\usbdview\bin\ansic.py;1700381568.9522874;2023-11-19 09:12:47.868540;
user;pc;versione_python;name_program;timestamp;localtime;
fbast;LAPTOP-C9JC0TN4;3.11.0 (main, Oct 24 2022, 18:26:48) [MSC v.1933 64 bit (AMD64)];C:\Users\fbast\Desktop\bastianello_federico_usbdview\usbdview\bin\ansic.py;1700381605.9870267;2023-11-19 09:13:24.822034;
user;pc;versione_python;name_program;timestamp;localtime;
fbast;LAPTOP-C9JC0TN4;3.11.0 (main, Oct 24 2022, 18:26:48) [MSC v.1933 64 bit (AMD64)];C:\Users\fbast\Desktop\bastianello_federico_usbdview\usbdview\bin\ansic.py;1700381611.2046885;2023-11-19 09:13:30.077634;
user;pc;versione_python;name_program;timestamp;localtime;
fbast;LAPTOP-C9JC0TN4;3.11.0 (main, Oct 24 2022, 18:26:48) [MSC v.1933 64 bit (AMD64)];C:\Users\fbast\Desktop\bastianello_federico_usbdview\usbdview\bin\ansic.py;1700381620.2933087;2023-11-19 09:13:39.210899;
user;pc;versione_python;name_program;timestamp;localtime;
fbast;LAPTOP-C9JC0TN4;3.11.0 (main, Oct 24 2022, 18:26:48) [MSC v.1933 64 bit (AMD64)];C:\Users\fbast\Desktop\bastianello_federico_usbdview\usbdview\bin\ansic.py;1700381624.3945954;2023-11-19 09:13:43.290344;
user;pc;versione_python;name_program;timestamp;localtime;
fbast;LAPTOP-C9JC0TN4;3.11.0 (main, Oct 24 2022, 18:26:48) [MSC v.1933 64 bit (AMD64)];C:\Users\fbast\Desktop\bastianello_federico_usbdview\usbdview\bin\ansic.py;1700382222.8723295;2023-11-19 09:23:41.790366;
user;pc;versione_python;name_program;timestamp;localtime;
fbast;LAPTOP-C9JC0TN4;3.11.0 (main, Oct 24 2022, 18:26:48) [MSC v.1933 64 bit (AMD64)];C:\Users\fbast\Desktop\bastianello_federico_usbdview\usbdview\bin\ansic.py;1700382227.2294106;2023-11-19 09:23:46.160472;
user;pc;versione_python;name_program;timestamp;localtime;
fbast;LAPTOP-C9JC0TN4;3.11.0 (main, Oct 24 2022, 18:26:48) [MSC v.1933 64 bit (AMD64)];C:\Users\fbast\Desktop\bastianello_federico_usbdview\usbdview\bin\ansic.py;1700382273.7301736;2023-11-19 09:24:32.688460;
user;pc;versione_python;name_program;timestamp;localtime;
fbast;LAPTOP-C9JC0TN4;3.11.0 (main, Oct 24 2022, 18:26:48) [MSC v.1933 64 bit (AMD64)];C:\Users\fbast\Desktop\bastianello_federico_usbdview\usbdview\bin\ansic.py;1700382276.4713418;2023-11-19 09:24:35.376478;
user;pc;versione_python;name_program;timestamp;localtime;
fbast;LAPTOP-C9JC0TN4;3.11.0 (main, Oct 24 2022, 18:26:48) [MSC v.1933 64 bit (AMD64)];C:\Users\fbast\Desktop\bastianello_federico_usbdview\usbdview\bin\ansic.py;1700382338.30965;2023-11-19 09:25:37.187362;
user;pc;versione_python;name_program;timestamp;localtime;
fbast;LAPTOP-C9JC0TN4;3.11.0 (main, Oct 24 2022, 18:26:48) [MSC v.1933 64 bit (AMD64)];C:\Users\fbast\Desktop\bastianello_federico_usbdview\usbdview\bin\ansic.py;1700382341.963701;2023-11-19 09:25:40.873985;
user;pc;versione_python;name_program;timestamp;localtime;
fbast;LAPTOP-C9JC0TN4;3.11.0 (main, Oct 24 2022, 18:26:48) [MSC v.1933 64 bit (AMD64)];C:\Users\fbast\Desktop\bastianello_federico_usbdview\usbdview\bin\ansic.py;1700382475.1100187;2023-11-19 09:27:54.041104;
user;pc;versione_python;name_program;timestamp;localtime;
fbast;LAPTOP-C9JC0TN4;3.11.0 (main, Oct 24 2022, 18:26:48) [MSC v.1933 64 bit (AMD64)];C:\Users\fbast\Desktop\bastianello_federico_usbdview\usbdview\bin\ansic.py;1700382478.0915537;2023-11-19 09:27:56.998386;
user;pc;versione_python;name_program;timestamp;localtime;
fbast;LAPTOP-C9JC0TN4;3.11.0 (main, Oct 24 2022, 18:26:48) [MSC v.1933 64 bit (AMD64)];C:\Users\fbast\Desktop\bastianello_federico_usbdview\usbdview\bin\ansic.py;1700382874.2956772;2023-11-19 09:34:33.257378;
user;pc;versione_python;name_program;timestamp;localtime;
fbast;LAPTOP-C9JC0TN4;3.11.0 (main, Oct 24 2022, 18:26:48) [MSC v.1933 64 bit (AMD64)];C:\Users\fbast\Desktop\bastianello_federico_usbdview\usbdview\bin\ansic.py;1700382878.5481312;2023-11-19 09:34:37.462641;
user;pc;versione_python;name_program;timestamp;localtime;
fbast;LAPTOP-C9JC0TN4;3.11.0 (main, Oct 24 2022, 18:26:48) [MSC v.1933 64 bit (AMD64)];C:\Users\fbast\Desktop\bastianello_federico_usbdview\usbdview\bin\ansic.py;1700382932.8662624;2023-11-19 09:35:31.774167;
user;pc;versione_python;name_program;timestamp;localtime;
fbast;LAPTOP-C9JC0TN4;3.11.0 (main, Oct 24 2022, 18:26:48) [MSC v.1933 64 bit (AMD64)];C:\Users\fbast\Desktop\bastianello_federico_usbdview\usbdview\bin\ansic.py;1700382937.0542698;2023-11-19 09:35:35.976006;
user;pc;versione_python;name_program;timestamp;localtime;
fbast;LAPTOP-C9JC0TN4;3.11.0 (main, Oct 24 2022, 18:26:48) [MSC v.1933 64 bit (AMD64)];C:\Users\fbast\Desktop\bastianello_federico_usbdview\usbdview\bin\ansic.py;1700383040.3439748;2023-11-19 09:37:19.225315;
user;pc;versione_python;name_program;timestamp;localtime;
fbast;LAPTOP-C9JC0TN4;3.11.0 (main, Oct 24 2022, 18:26:48) [MSC v.1933 64 bit (AMD64)];C:\Users\fbast\Desktop\bastianello_federico_usbdview\usbdview\bin\ansic.py;1700383044.56154;2023-11-19 09:37:23.381304;
user;pc;versione_python;name_program;timestamp;localtime;
fbast;LAPTOP-C9JC0TN4;3.11.0 (main, Oct 24 2022, 18:26:48) [MSC v.1933 64 bit (AMD64)];C:\Users\fbast\Desktop\bastianello_federico_usbdview\usbdview\bin\ansic.py;1700383129.0310032;2023-11-19 09:38:47.971050;
user;pc;versione_python;name_program;timestamp;localtime;
fbast;LAPTOP-C9JC0TN4;3.11.0 (main, Oct 24 2022, 18:26:48) [MSC v.1933 64 bit (AMD64)];C:\Users\fbast\Desktop\bastianello_federico_usbdview\usbdview\bin\ansic.py;1700383132.1398695;2023-11-19 09:38:51.040004;
user;pc;versione_python;name_program;timestamp;localtime;
fbast;LAPTOP-C9JC0TN4;3.11.0 (main, Oct 24 2022, 18:26:48) [MSC v.1933 64 bit (AMD64)];C:\Users\fbast\Desktop\bastianello_federico_usbdview\usbdview\bin\ansic.py;1700383145.6873634;2023-11-19 09:39:04.600327;
user;pc;versione_python;name_program;timestamp;localtime;
fbast;LAPTOP-C9JC0TN4;3.11.0 (main, Oct 24 2022, 18:26:48) [MSC v.1933 64 bit (AMD64)];C:\Users\fbast\Desktop\bastianello_federico_usbdview\usbdview\bin\ansic.py;1700383149.913223;2023-11-19 09:39:08.849144;
user;pc;versione_python;name_program;timestamp;localtime;
fbast;LAPTOP-C9JC0TN4;3.11.0 (main, Oct 24 2022, 18:26:48) [MSC v.1933 64 bit (AMD64)];C:\Users\fbast\Desktop\bastianello_federico_usbdview\usbdview\bin\ansic.py;1700383290.9747844;2023-11-19 09:41:29.917108;
user;pc;versione_python;name_program;timestamp;localtime;
fbast;LAPTOP-C9JC0TN4;3.11.0 (main, Oct 24 2022, 18:26:48) [MSC v.1933 64 bit (AMD64)];C:\Users\fbast\Desktop\bastianello_federico_usbdview\usbdview\bin\ansic.py;1700383295.1495092;2023-11-19 09:41:34.051756;
user;pc;versione_python;name_program;timestamp;localtime;
fbast;LAPTOP-C9JC0TN4;3.11.0 (main, Oct 24 2022, 18:26:48) [MSC v.1933 64 bit (AMD64)];C:\Users\fbast\Desktop\bastianello_federico_usbdview\usbdview\bin\ansic.py;1700383314.1241577;2023-11-19 09:41:53.088300;
user;pc;versione_python;name_program;timestamp;localtime;
fbast;LAPTOP-C9JC0TN4;3.11.0 (main, Oct 24 2022, 18:26:48) [MSC v.1933 64 bit (AMD64)];C:\Users\fbast\Desktop\bastianello_federico_usbdview\usbdview\bin\ansic.py;1700383317.223207;2023-11-19 09:41:56.142848;
user;pc;versione_python;name_program;timestamp;localtime;
fbast;LAPTOP-C9JC0TN4;3.11.0 (main, Oct 24 2022, 18:26:48) [MSC v.1933 64 bit (AMD64)];C:\Users\fbast\Desktop\bastianello_federico_usbdview\usbdview\bin\ansic.py;1700383349.1248975;2023-11-19 09:42:28.037057;
user;pc;versione_python;name_program;timestamp;localtime;
fbast;LAPTOP-C9JC0TN4;3.11.0 (main, Oct 24 2022, 18:26:48) [MSC v.1933 64 bit (AMD64)];C:\Users\fbast\Desktop\bastianello_federico_usbdview\usbdview\bin\ansic.py;1700383353.2047741;2023-11-19 09:42:32.135829;
user;pc;versione_python;name_program;timestamp;localtime;
fbast;LAPTOP-C9JC0TN4;3.11.0 (main, Oct 24 2022, 18:26:48) [MSC v.1933 64 bit (AMD64)];C:\Users\fbast\Desktop\bastianello_federico_usbdview\usbdview\bin\ansic.py;1700383375.7926786;2023-11-19 09:42:54.740420;
user;pc;versione_python;name_program;timestamp;localtime;
fbast;LAPTOP-C9JC0TN4;3.11.0 (main, Oct 24 2022, 18:26:48) [MSC v.1933 64 bit (AMD64)];C:\Users\fbast\Desktop\bastianello_federico_usbdview\usbdview\bin\ansic.py;1700383380.0779755;2023-11-19 09:42:59.016188;
user;pc;versione_python;name_program;timestamp;localtime;
fbast;LAPTOP-C9JC0TN4;3.11.0 (main, Oct 24 2022, 18:26:48) [MSC v.1933 64 bit (AMD64)];C:\Users\fbast\Desktop\bastianello_federico_usbdview\usbdview\bin\ansic.py;1700383522.7630918;2023-11-19 09:45:21.685166;
user;pc;versione_python;name_program;timestamp;localtime;
fbast;LAPTOP-C9JC0TN4;3.11.0 (main, Oct 24 2022, 18:26:48) [MSC v.1933 64 bit (AMD64)];C:\Users\fbast\Desktop\bastianello_federico_usbdview\usbdview\bin\ansic.py;1700383528.2077496;2023-11-19 09:45:27.108282;
user;pc;versione_python;name_program;timestamp;localtime;
fbast;LAPTOP-C9JC0TN4;3.11.0 (main, Oct 24 2022, 18:26:48) [MSC v.1933 64 bit (AMD64)];C:\Users\fbast\Desktop\bastianello_federico_usbdview\usbdview\bin\ansic.py;1700383533.3652184;2023-11-19 09:45:32.259687;
user;pc;versione_python;name_program;timestamp;localtime;
fbast;LAPTOP-C9JC0TN4;3.11.0 (main, Oct 24 2022, 18:26:48) [MSC v.1933 64 bit (AMD64)];C:\Users\fbast\Desktop\bastianello_federico_usbdview\usbdview\bin\ansic.py;1700383545.3422887;2023-11-19 09:45:44.237404;
user;pc;versione_python;name_program;timestamp;localtime;
fbast;LAPTOP-C9JC0TN4;3.11.0 (main, Oct 24 2022, 18:26:48) [MSC v.1933 64 bit (AMD64)];C:\Users\fbast\Desktop\bastianello_federico_usbdview\usbdview\bin\ansic.py;1700383595.7893574;2023-11-19 09:46:34.681676;
user;pc;versione_python;name_program;timestamp;localtime;
fbast;LAPTOP-C9JC0TN4;3.11.0 (main, Oct 24 2022, 18:26:48) [MSC v.1933 64 bit (AMD64)];C:\Users\fbast\Desktop\bastianello_federico_usbdview\usbdview\bin\ansic.py;1700383599.5943255;2023-11-19 09:46:38.507986;
user;pc;versione_python;name_program;timestamp;localtime;
fbast;LAPTOP-C9JC0TN4;3.11.0 (main, Oct 24 2022, 18:26:48) [MSC v.1933 64 bit (AMD64)];C:\Users\fbast\Desktop\bastianello_federico_usbdview\usbdview\bin\ansic.py;1700383655.4383004;2023-11-19 09:47:34.382958;
user;pc;versione_python;name_program;timestamp;localtime;
fbast;LAPTOP-C9JC0TN4;3.11.0 (main, Oct 24 2022, 18:26:48) [MSC v.1933 64 bit (AMD64)];C:\Users\fbast\Desktop\bastianello_federico_usbdview\usbdview\bin\ansic.py;1700383659.365197;2023-11-19 09:47:38.256279;
user;pc;versione_python;name_program;timestamp;localtime;
fbast;LAPTOP-C9JC0TN4;3.11.0 (main, Oct 24 2022, 18:26:48) [MSC v.1933 64 bit (AMD64)];C:\Users\fbast\Desktop\bastianello_federico_usbdview\usbdview\bin\ansic.py;1700383662.6705077;2023-11-19 09:47:41.567362;
user;pc;versione_python;name_program;timestamp;localtime;
fbast;LAPTOP-C9JC0TN4;3.11.0 (main, Oct 24 2022, 18:26:48) [MSC v.1933 64 bit (AMD64)];C:\Users\fbast\Desktop\bastianello_federico_usbdview\usbdview\bin\ansic.py;1700383675.2777197;2023-11-19 09:47:54.160558;
user;pc;versione_python;name_program;timestamp;localtime;
fbast;LAPTOP-C9JC0TN4;3.11.0 (main, Oct 24 2022, 18:26:48) [MSC v.1933 64 bit (AMD64)];C:\Users\fbast\Desktop\bastianello_federico_usbdview\usbdview\bin\ansic.py;1700383784.7623816;2023-11-19 09:49:43.700367;
user;pc;versione_python;name_program;timestamp;localtime;
fbast;LAPTOP-C9JC0TN4;3.11.0 (main, Oct 24 2022, 18:26:48) [MSC v.1933 64 bit (AMD64)];C:\Users\fbast\Desktop\bastianello_federico_usbdview\usbdview\bin\ansic.py;1700383789.0275316;2023-11-19 09:49:47.927972;
user;pc;versione_python;name_program;timestamp;localtime;
fbast;LAPTOP-C9JC0TN4;3.11.0 (main, Oct 24 2022, 18:26:48) [MSC v.1933 64 bit (AMD64)];C:\Users\fbast\Desktop\bastianello_federico_usbdview\usbdview\bin\ansic.py;1700383795.6397147;2023-11-19 09:49:54.574412;
user;pc;versione_python;name_program;timestamp;localtime;
fbast;LAPTOP-C9JC0TN4;3.11.0 (main, Oct 24 2022, 18:26:48) [MSC v.1933 64 bit (AMD64)];C:\Users\fbast\Desktop\bastianello_federico_usbdview\usbdview\bin\ansic.py;1700383800.3501458;2023-11-19 09:49:59.229988;
user;pc;versione_python;name_program;timestamp;localtime;
fbast;LAPTOP-C9JC0TN4;3.11.0 (main, Oct 24 2022, 18:26:48) [MSC v.1933 64 bit (AMD64)];C:\Users\fbast\Desktop\bastianello_federico_usbdview\usbdview\bin\ansic.py;1700385544.7649002;2023-11-19 10:19:03.679593;
user;pc;versione_python;name_program;timestamp;localtime;
fbast;LAPTOP-C9JC0TN4;3.11.0 (main, Oct 24 2022, 18:26:48) [MSC v.1933 64 bit (AMD64)];C:\Users\fbast\Desktop\bastianello_federico_usbdview\usbdview\bin\ansic.py;1700385547.6501756;2023-11-19 10:19:06.540269;
user;pc;versione_python;name_program;timestamp;localtime;
fbast;LAPTOP-C9JC0TN4;3.11.0 (main, Oct 24 2022, 18:26:48) [MSC v.1933 64 bit (AMD64)];C:\Users\fbast\Desktop\bastianello_federico_usbdview\usbdview\bin\ansic.py;1700385581.7697594;2023-11-19 10:19:40.714918;
user;pc;versione_python;name_program;timestamp;localtime;
fbast;LAPTOP-C9JC0TN4;3.11.0 (main, Oct 24 2022, 18:26:48) [MSC v.1933 64 bit (AMD64)];C:\Users\fbast\Desktop\bastianello_federico_usbdview\usbdview\bin\ansic.py;1700385586.6754632;2023-11-19 10:19:45.602107;
